0E566410-D430-4EBC-BEB7-6446D8F7ECFB.jpeg,Index
1299BD1C-D279-420B-BD78-FA360539277D.jpeg,0
141678CF-4138-419A-B796-7F1B2464789C.jpeg,1
23F98D91-B511-4D15-90BC-A96CD0C62AC7.jpeg,2
30ACC50F-B486-48CB-BA4F-033CD1FB68F8.jpeg,3
45531042-1EAA-448A-8A65-E26B1A21AFB9.jpeg,4
45EB8FE2-A914-4711-82D9-DEB0125F542E.jpeg,5
5C02F84C-CA2A-4014-8A28-63ABE1031417.jpeg,6
5E2D1196-7175-4042-A0A8-6461672DB493.jpeg,7
66E2B744-B517-448A-BEE3-DBCB9E29D771.jpeg,8
6C44CE97-D36B-46DC-BF47-BD4BC0D05992.jpeg,9
780AFD3C-5E46-49A0-A7A6-5947CCDE1F84.jpeg,10
91728A95-716F-4EC5-A730-CF0B09886A61.jpeg,11
9AC10521-6419-4124-AF69-BB400CBDA5A7.jpeg,12
9DBFD8BF-98AF-4479-964E-492060453C42.jpeg,13
9E45F37D-8EAB-49DB-B626-4353B689E589.jpeg,14
AC603F48-1E25-4558-BB65-DD27FFDB22F1.jpeg,15
B475B3A9-4F68-49A6-9753-E8E994EA800B.jpeg,16
C4BA15A9-0A85-4A31-817E-553574A0D45B.jpeg,17
E8082FF1-D588-4910-A7A6-E4FF455A9DF4.jpeg,18
F53115BD-DBB5-413F-A8A5-9015D2BC0819.jpeg,19
